case,room_fan_MWh,outdoor_fan_MWh,pump_MWh,chiller_MWh,cooling_MWh,mech_PUE,pump_runtime_%,seawater_1000m3_per_yr,heat_to_bay_MWh_th
"Baseline (eps 0.75, ratio 1.0, 21 C)",199.751,72.534,2.258,0.014,274.557,1.116,15.245,30.487,62.137
Supply 24 C,199.751,27.614,0.428,0.0,227.793,1.096,2.889,5.778,14.43
Outdoor-air ratio 1.5,199.751,48.035,0.989,0.009,248.784,1.105,6.68,13.358,32.413
Stage 1 eps 0.65,199.751,104.182,5.466,0.022,309.422,1.131,36.899,73.793,140.328
Stage 1 eps 0.85,199.751,55.914,1.038,0.009,256.713,1.109,7.01,14.02,33.447
All pressure drops +30 %,259.677,94.294,2.258,0.014,356.243,1.151,15.245,30.487,62.137
All pressure drops -30 %,139.826,50.774,2.258,0.014,192.872,1.082,15.245,30.487,62.137
Fan efficiency 0.50,239.702,87.041,2.258,0.014,329.014,1.139,15.245,30.487,62.137
Fan efficiency 0.70,171.215,62.172,2.258,0.014,235.659,1.1,15.245,30.487,62.137
Pump head 250 kPa,199.751,72.534,3.529,0.014,275.828,1.117,15.245,30.487,62.137
