gap_mm,plate_m,plates,height_m,module_volume_m3,path_volume_m3,area_m2_per_module,channel_v_ms,face_v_ms,Re,dp_pa
3.0,0.6,3418,10.767,3.876,11.628,1230.48,1.09,1.038,417.18,16.834
3.0,0.8,1923,6.057,3.877,11.63,1230.72,1.453,1.384,556.132,29.922
3.0,1.0,1231,3.878,3.878,11.633,1231.0,1.816,1.73,695.007,46.742
3.0,1.2,855,2.693,3.878,11.635,1231.2,2.179,2.075,833.872,67.297
3.0,1.5,547,1.723,3.877,11.631,1230.75,2.725,2.595,1042.722,105.191
4.0,0.6,4557,18.912,6.808,20.424,1640.52,0.613,0.591,312.908,5.327
4.0,0.8,2563,10.636,6.807,20.422,1640.32,0.818,0.788,417.262,9.471
4.0,1.0,1641,6.81,6.81,20.43,1641.0,1.022,0.985,521.361,14.792
4.0,1.2,1140,4.731,6.813,20.438,1641.6,1.226,1.181,625.404,21.293
4.0,1.5,729,3.025,6.807,20.421,1640.25,1.533,1.478,782.399,33.299
5.0,0.6,5696,29.334,10.56,31.681,2050.56,0.392,0.381,250.337,2.182
5.0,0.8,3204,16.501,10.56,31.681,2050.56,0.523,0.508,333.783,3.879
5.0,1.0,2051,10.563,10.563,31.688,2051.0,0.654,0.635,417.14,6.06
5.0,1.2,1424,7.334,10.56,31.681,2050.56,0.785,0.762,500.675,8.728
5.0,1.5,912,4.697,10.568,31.703,2052.0,0.981,0.952,625.404,13.628
6.0,0.6,6835,42.035,15.133,45.398,2460.6,0.273,0.266,208.621,1.052
6.0,0.8,3845,23.647,15.134,45.402,2460.8,0.363,0.355,278.138,1.871
6.0,1.0,2461,15.135,15.135,45.405,2461.0,0.454,0.443,347.645,2.923
6.0,1.2,1709,10.51,15.135,45.405,2460.96,0.545,0.532,417.18,4.209
6.0,1.5,1094,6.728,15.138,45.415,2461.5,0.681,0.665,521.361,6.574
8.0,0.6,9113,74.271,26.738,80.213,3280.68,0.153,0.15,156.471,0.333
8.0,0.8,5126,41.777,26.737,80.212,3280.64,0.204,0.201,208.631,0.592
8.0,1.0,3281,26.74,26.74,80.22,3281.0,0.256,0.251,260.76,0.925
8.0,1.2,2279,18.574,26.746,80.239,3281.76,0.307,0.301,312.839,1.331
8.0,1.5,1458,11.883,26.736,80.208,3280.5,0.383,0.376,391.199,2.081
