month,room_fan_kw,outdoor_fan_kw,pump_kw,chiller_kw_e,cool_kw,mech_PUE
1,22.803,4.299,0.014,0.0,27.115,1.1
2,22.803,4.45,0.051,0.0,27.303,1.101
3,22.803,4.696,0.027,0.0,27.525,1.102
4,22.803,5.94,0.086,0.0,28.829,1.107
5,22.803,7.869,0.202,0.0,30.874,1.114
6,22.803,10.208,0.326,0.0,33.337,1.123
7,22.803,11.418,0.416,0.0,34.637,1.128
8,22.803,13.507,0.627,0.012,36.949,1.137
9,22.803,13.807,0.669,0.001,37.28,1.138
10,22.803,11.83,0.531,0.005,35.169,1.13
11,22.803,6.57,0.12,0.0,29.493,1.109
12,22.803,4.547,0.012,0.0,27.361,1.101
