setpoint_c,eps1_design,outside_air_ratio,eps1_actual,air_only_%,seawater_%,chiller_%,pump_runtime_%,chiller_MWh_e_per_yr,pump_MWh_e_per_yr,peak_chiller_kw_th
21.0,0.65,1.0,0.65,63.1,36.73,0.17,36.9,0.02,10.99,20.36
21.0,0.65,1.5,0.738,82.84,17.02,0.14,17.16,0.01,5.11,17.51
21.0,0.75,1.0,0.75,84.76,15.11,0.14,15.24,0.01,4.54,17.14
21.0,0.75,1.5,0.856,93.32,6.6,0.08,6.68,0.01,1.99,13.71
21.0,0.85,1.0,0.85,92.99,6.93,0.08,7.01,0.01,2.09,13.91
21.0,0.85,1.5,0.942,96.2,3.73,0.06,3.8,0.01,1.13,12.66
24.0,0.65,1.0,0.65,87.34,12.66,0.0,12.66,0.0,3.77,0.0
24.0,0.65,1.5,0.738,95.07,4.93,0.0,4.93,0.0,1.47,0.0
24.0,0.75,1.0,0.75,95.63,4.37,0.0,4.37,0.0,1.3,0.0
24.0,0.75,1.5,0.856,97.94,2.06,0.0,2.06,0.0,0.61,0.0
24.0,0.85,1.0,0.85,97.88,2.12,0.0,2.12,0.0,0.63,0.0
24.0,0.85,1.5,0.942,98.59,1.41,0.0,1.41,0.0,0.42,0.0
